Date,AAPL Adj Close,MSFT Adj Close,AAPL Close,MSFT Close,AAPL High,MSFT High,AAPL Low,MSFT Low,AAPL Open,MSFT Open,AAPL Volume,MSFT Volume
2020-01-02,73.44939422607422,155.7617950439453,75.0875015258789,160.6199951171875,75.1500015258789,160.72999572753906,73.79750061035156,158.3300018310547,74.05999755859375,158.77999877929688,135480400,22622100
2020-01-03,72.7353286743164,153.82229614257812,74.35749816894531,158.6199951171875,75.1449966430664,159.9499969482422,74.125,158.05999755859375,74.2874984741211,158.32000732421875,146322800,21116200
2020-01-06,73.31488037109375,154.2199249267578,74.94999694824219,159.02999877929688,74.98999786376953,159.10000610351562,73.1875,156.50999450683594,73.44750213623047,157.0800018310547,118387200,20813700
2020-01-07,72.97007751464844,152.81375122070312,74.59750366210938,157.5800018310547,75.2249984741211,159.6699981689453,74.37000274658203,157.32000732421875,74.95999908447266,159.32000732421875,108872000,21634100
2020-01-08,74.14391326904297,155.24783325195312,75.79750061035156,160.08999633789062,76.11000061035156,160.8000030517578,74.29000091552734,157.9499969482422,74.29000091552734,158.92999267578125,132079200,27746500
2020-01-09,75.71878814697266,157.1873321533203,77.40750122070312,162.08999633789062,77.60749816894531,162.22000122070312,76.55000305175781,161.02999877929688,76.80999755859375,161.83999633789062,170108400,21385000
2020-01-10,75.88993835449219,156.46002197265625,77.5824966430664,161.33999633789062,78.1675033569336,163.22000122070312,77.0625,161.17999267578125,77.6500015258789,162.82000732421875,140644800,20725900
2020-01-13,77.51129913330078,158.34133911132812,79.23999786376953,163.27999877929688,79.26750183105469,163.30999755859375,77.7874984741211,161.25999450683594,77.91000366210938,161.75999450683594,121532000,21626500
2020-01-14,76.46463775634766,157.22613525390625,78.16999816894531,162.1300048828125,79.39250183105469,163.60000610351562,78.0425033569336,161.72000122070312,79.17500305175781,163.38999938964844,161954400,23477400
2020-01-15,76.13694763183594,158.2443389892578,77.83499908447266,163.17999267578125,78.875,163.94000244140625,77.38749694824219,162.57000732421875,77.9625015258789,162.6199951171875,121923600,21417900
2020-01-16,77.0906753540039,161.1439666748047,78.80999755859375,166.1699981689453,78.92500305175781,166.24000549316406,78.02249908447266,164.02999877929688,78.39749908447266,164.35000610351562,108829200,23865400
2020-01-17,77.94414520263672,162.0457763671875,79.68250274658203,167.10000610351562,79.68499755859375,167.47000122070312,78.75,165.42999267578125,79.06749725341797,167.4199981689453,137816400,34371700
2020-01-21,77.41593170166016,161.4639434814453,79.14250183105469,166.5,79.75499725341797,168.19000244140625,79.0,166.42999267578125,79.29750061035156,166.67999267578125,110843200,29517200
2020-01-22,77.69226837158203,160.6881561279297,79.42500305175781,165.6999969482422,79.99749755859375,167.49000549316406,79.32749938964844,165.67999267578125,79.6449966430664,167.39999389648438,101832400,24138800
2020-01-23,78.06641387939453,161.6772918701172,79.80750274658203,166.72000122070312,79.88999938964844,166.8000030517578,78.9124984741211,165.27000427246094,79.4800033569336,166.19000244140625,104472000,19680800
2020-01-24,77.84142303466797,160.048095703125,79.57749938964844,165.0399932861328,80.8324966430664,167.52999877929688,79.37999725341797,164.4499969482422,80.0625,167.50999450683594,146537600,24918100
2020-01-27,75.552490234375,157.37159729003906,77.23750305175781,162.27999877929688,77.94249725341797,163.3800048828125,76.22000122070312,160.1999969482422,77.51499938964844,161.14999389648438,161940000,32078100
2020-01-28,77.68980407714844,160.4553985595703,79.42250061035156,165.4600067138672,79.5999984741211,165.75999450683594,78.04750061035156,163.07000732421875,78.1500015258789,163.77999877929688,162234000,24899900
2020-01-29,79.31604766845703,162.95738220214844,81.08499908447266,168.0399932861328,81.9625015258789,168.75,80.34500122070312,165.69000244140625,81.11250305175781,167.83999633789062,216229200,34754500
2020-01-30,79.20111083984375,167.5540008544922,80.96749877929688,172.77999877929688,81.02249908447266,174.0500030517578,79.6875,170.7899932861328,80.13500213623047,174.0500030517578,126743200,51597500
2020-01-31,75.68943786621094,165.0811309814453,77.37750244140625,170.22999572753906,80.66999816894531,172.39999389648438,77.07250213623047,169.5800018310547,80.23249816894531,172.2100067138672,199588400,36142700
2020-02-03,75.48155975341797,169.1056365966797,77.16500091552734,174.3800048828125,78.37249755859375,174.5,75.55500030517578,170.39999389648438,76.07499694824219,170.42999267578125,173788400,30107000
2020-02-04,77.97348022460938,174.67196655273438,79.7125015258789,180.1199951171875,79.91000366210938,180.63999938964844,78.40750122070312,176.30999755859375,78.82749938964844,177.13999938964844,136616400,36433300
2020-02-05,78.60932159423828,174.45864868164062,80.36250305175781,179.89999389648438,81.19000244140625,184.1999969482422,79.73750305175781,178.41000366210938,80.87999725341797,184.02999877929688,118826800,39186300
2020-02-06,79.52880096435547,178.07583618164062,81.30249786376953,183.6300048828125,81.30500030517578,183.82000732421875,80.06500244140625,180.05999755859375,80.64250183105469,180.97000122070312,105425600,27751400
2020-02-07,78.44779205322266,178.3279571533203,80.00749969482422,183.88999938964844,80.8499984741211,185.6300048828125,79.5,182.47999572753906,80.59249877929688,182.85000610351562,117684000,33529100
2020-02-10,78.82038879394531,182.9925079345703,80.38749694824219,188.6999969482422,80.38749694824219,188.83999633789062,78.4625015258789,183.25,78.54499816894531,183.5800018310547,109348800,35844300
2020-02-11,78.34483337402344,178.86134338378906,79.90249633789062,184.44000244140625,80.9749984741211,190.6999969482422,79.67749786376953,183.5,80.9000015258789,190.64999389648438,94323200,53159900
2020-02-12,80.20535278320312,179.12315368652344,81.80000305175781,184.7100067138672,81.80500030517578,185.85000610351562,80.36750030517578,181.85000610351562,80.36750030517578,185.5800018310547,113730400,47062900
2020-02-13,79.63421630859375,178.1534423828125,81.21749877929688,183.7100067138672,81.55500030517578,186.22999572753906,80.8375015258789,182.8699951171875,81.04750061035156,183.0800018310547,94747600,35295800
2020-02-14,79.6538314819336,179.74380493164062,81.23750305175781,185.35000610351562,81.49500274658203,185.41000366210938,80.7125015258789,182.64999389648438,81.18499755859375,183.25,80113600,23149500
2020-02-18,78.19532012939453,181.5669403076172,79.75,187.22999572753906,79.9375,187.6999969482422,78.65249633789062,185.5,78.83999633789062,185.61000061035156,152531200,27792200
2020-02-19,79.32779693603516,182.11151123046875,80.90499877929688,187.27999877929688,81.14250183105469,188.17999267578125,80.0,186.47000122070312,80.0,188.05999755859375,93984000,29997500
2020-02-20,78.51397705078125,179.33042907714844,80.07499694824219,184.4199981689453,81.1624984741211,187.25,79.55249786376953,181.10000610351562,80.65750122070312,186.9499969482422,100566000,36862400
2020-02-21,76.73680877685547,173.6613006591797,78.26249694824219,178.58999633789062,80.11250305175781,183.5,77.625,177.25,79.65499877929688,183.1699981689453,129554000,48572600
2020-02-24,73.0917739868164,166.173828125,74.54499816894531,170.88999938964844,76.04499816894531,174.5500030517578,72.30750274658203,163.22999572753906,74.31500244140625,167.77000427246094,222195200,68311100
2020-02-25,70.61599731445312,163.43165588378906,72.0199966430664,168.07000732421875,75.63249969482422,174.83999633789062,71.53250122070312,167.64999389648438,75.23750305175781,174.1999969482422,230673600,68073300
2020-02-26,71.7362289428711,165.47369384765625,73.1624984741211,170.1699981689453,74.47000122070312,173.25999450683594,71.625,168.2100067138672,71.63249969482422,169.7100067138672,198054800,56206100
2020-02-27,67.0469741821289,153.81459045410156,68.37999725341797,158.17999267578125,71.5,167.02999877929688,68.23999786376953,157.97999572753906,70.2750015258789,163.32000732421875,320605600,93174900
2020-02-28,67.00774383544922,157.5388946533203,68.33999633789062,162.00999450683594,69.60250091552734,163.7100067138672,64.09249877929688,152.0,64.31500244140625,152.41000366210938,426510000,97012700
2020-03-02,73.24620056152344,168.0214080810547,74.70249938964844,172.7899932861328,75.36000061035156,172.9199981689453,69.43000030517578,162.30999755859375,70.56999969482422,165.30999755859375,341397200,71030800
2020-03-03,70.91996765136719,159.9698944091797,72.33000183105469,164.50999450683594,76.0,175.0,71.44999694824219,162.25999450683594,75.9175033569336,173.8000030517578,319475600,71677000
2020-03-04,74.20956420898438,165.8432159423828,75.68499755859375,170.5500030517578,75.8499984741211,170.6999969482422,73.28250122070312,165.6199951171875,74.11000061035156,168.49000549316406,219178400,49814400
2020-03-05,71.80240631103516,161.68136596679688,73.2300033569336,166.27000427246094,74.88749694824219,170.8699951171875,72.85250091552734,165.69000244140625,73.87999725341797,166.0500030517578,187572800,47817300
2020-03-06,70.848876953125,157.11105346679688,72.25749969482422,161.57000732421875,72.70500183105469,163.11000061035156,70.30750274658203,156.0,70.5,162.61000061035156,226176800,72821100
2020-03-09,65.24529266357422,146.46322631835938,66.5425033569336,150.6199951171875,69.52249908447266,157.75,65.75,150.0,65.9375,151.0,286744800,70419300
2020-03-10,69.9443588256836,156.47897338867188,71.33499908447266,160.9199981689453,71.61000061035156,161.02999877929688,67.34249877929688,152.5800018310547,69.28500366210938,158.16000366210938,285290000,65354400
2020-03-11,67.51515197753906,149.39015197753906,68.85749816894531,153.6300048828125,70.30500030517578,157.6999969482422,67.96499633789062,151.14999389648438,69.34750366210938,157.1300048828125,255598800,56371600
2020-03-12,60.847721099853516,135.22225952148438,62.057498931884766,139.05999755859375,67.5,153.47000122070312,62.0,138.5800018310547,63.98500061035156,145.3000030517578,418474000,93226400
2020-03-13,68.13777923583984,154.4466552734375,69.49250030517578,158.8300018310547,69.9800033569336,161.91000366210938,63.23749923706055,140.72999572753906,66.22250366210938,147.5,370732000,92727400
2020-03-16,59.37206268310547,131.68272399902344,60.5525016784668,135.4199981689453,64.7699966430664,149.35000610351562,60.0,135.0,60.48749923706055,140.0,322423600,87905900
2020-03-17,61.98265838623047,142.52500915527344,63.21500015258789,146.57000732421875,64.40249633789062,147.5,59.599998474121094,135.0,61.877498626708984,140.0,324056000,81059800
2020-03-18,60.46531677246094,136.52525329589844,61.66749954223633,140.39999389648438,62.5,146.0,59.279998779296875,135.02000427246094,59.942501068115234,138.0,300233600,81593200
2020-03-19,60.00202941894531,138.77154541015625,61.19499969482422,142.7100067138672,63.209999084472656,150.14999389648438,60.65250015258789,139.0,61.84749984741211,142.77000427246094,271857200,85922700
2020-03-20,56.192771911621094,133.5594482421875,57.310001373291016,137.35000610351562,62.95750045776367,147.10000610351562,57.0,135.86000061035156,61.79499816894531,146.0,401693200,84866200
2020-03-23,54.99900817871094,132.2272491455078,56.092498779296875,135.97999572753906,57.125,140.57000732421875,53.15250015258789,132.52000427246094,57.02000045776367,137.00999450683594,336752800,78975200
2020-03-24,60.51680374145508,144.24615478515625,61.720001220703125,148.33999633789062,61.92250061035156,149.60000610351562,58.57500076293945,141.27000427246094,59.09000015258789,143.75,287531200,82516700
2020-03-25,60.18342208862305,142.86534118652344,61.380001068115234,146.9199981689453,64.5625,154.3300018310547,61.07500076293945,144.44000244140625,62.6875,148.91000366210938,303602000,75638200
2020-03-26,63.3504638671875,151.80174255371094,64.61000061035156,156.11000061035156,64.66999816894531,156.66000366210938,61.59000015258789,148.3699951171875,61.630001068115234,148.39999389648438,252087200,64568100
2020-03-27,60.727603912353516,145.56861877441406,61.935001373291016,149.6999969482422,63.967498779296875,154.88999938964844,61.76250076293945,149.1999969482422,63.1875,151.75,204216800,57042300
2020-03-30,62.46065139770508,155.80799865722656,63.70249938964844,160.22999572753906,63.880001068115234,160.60000610351562,62.349998474121094,150.00999450683594,62.685001373291016,152.44000244140625,167976400,63420300
2020-03-31,62.33318328857422,153.35755920410156,63.5724983215332,157.7100067138672,65.62249755859375,164.77999877929688,63.0,156.55999755859375,63.900001525878906,159.39999389648438,197002000,77927200
2020-04-01,59.05339431762695,147.91212463378906,60.227500915527344,152.11000061035156,62.18000030517578,157.75,59.782501220703125,150.82000732421875,61.625,153.0,176218400,57969900
2020-04-02,60.03879928588867,150.97520446777344,61.23249816894531,155.25999450683594,61.287498474121094,155.47999572753906,59.224998474121094,150.36000061035156,60.084999084472656,151.86000061035156,165934000,49630700
2020-04-03,59.175960540771484,149.5846405029297,60.352500915527344,153.8300018310547,61.42499923706055,157.3800048828125,59.74250030517578,152.19000244140625,60.70000076293945,155.10000610351562,129880000,41243300
2020-04-06,64.33831787109375,160.70892333984375,65.61750030517578,165.27000427246094,65.77749633789062,166.5,62.345001220703125,157.5800018310547,62.724998474121094,160.32000732421875,201820400,67111700
2020-04-07,63.59313201904297,158.97804260253906,64.85749816894531,163.49000549316406,67.92500305175781,170.0,64.75,163.25999450683594,67.69999694824219,169.58999633789062,202887200,62769000
2020-04-08,65.22077941894531,160.57278442382812,66.51750183105469,165.1300048828125,66.84249877929688,166.6699981689453,65.30750274658203,163.5,65.68499755859375,165.6699981689453,168895200,48318200
2020-04-09,65.69142150878906,160.58251953125,66.99749755859375,165.13999938964844,67.51750183105469,167.3699951171875,66.17500305175781,163.3300018310547,67.17500305175781,166.36000061035156,161834800,51385100
2020-04-13,66.98079681396484,160.94227600097656,68.3125,165.50999450683594,68.42500305175781,165.57000732421875,66.4574966430664,162.3000030517578,67.07749938964844,164.35000610351562,131022800,41905300
2020-04-14,70.36353302001953,168.90626525878906,71.76249694824219,173.6999969482422,72.0625,173.75,69.51249694824219,168.0,70.0,169.0,194994800,52874300
2020-04-15,69.72129821777344,167.13648986816406,71.10749816894531,171.8800048828125,71.5824966430664,173.57000732421875,70.15750122070312,169.24000549316406,70.5999984741211,171.1999969482422,131154400,40940800
2020-04-16,70.2752685546875,172.15408325195312,71.67250061035156,177.0399932861328,72.05000305175781,177.27999877929688,70.5875015258789,172.89999389648438,71.84500122070312,174.3000030517578,157125200,50479600
2020-04-17,69.32173156738281,173.67103576660156,70.69999694824219,178.60000610351562,71.73750305175781,180.0,69.21499633789062,175.8699951171875,71.17250061035156,179.5,215250000,52765600
2020-04-20,67.88285064697266,170.22872924804688,69.23249816894531,175.05999755859375,70.41999816894531,178.75,69.2125015258789,174.99000549316406,69.48750305175781,176.6300048828125,130015200,36669600
2020-04-21,65.7845687866211,163.18856811523438,67.09249877929688,167.82000732421875,69.3125,173.6699981689453,66.35749816894531,166.11000061035156,69.06999969482422,173.5,180991600,56203700
2020-04-22,67.67938995361328,168.73123168945312,69.0250015258789,173.52000427246094,69.4749984741211,174.0,68.05000305175781,170.82000732421875,68.40249633789062,171.38999938964844,116862400,34620200
2020-04-23,67.41710662841797,166.68914794921875,68.75749969482422,171.4199981689453,70.4375,175.05999755859375,68.71749877929688,170.91000366210938,68.96749877929688,174.11000061035156,124814400,32790800
2020-04-24,69.3634033203125,169.7328338623047,70.74250030517578,174.5500030517578,70.75250244140625,174.55999755859375,69.25,170.7100067138672,69.30000305175781,172.05999755859375,126161200,34277600
2020-04-27,69.41243743896484,169.24661254882812,70.7925033569336,174.0500030517578,71.13500213623047,176.89999389648438,69.98750305175781,173.3000030517578,70.44999694824219,176.58999633789062,117087600,33194400
2020-04-28,68.28730773925781,165.12359619140625,69.6449966430664,169.80999755859375,71.4574966430664,175.6699981689453,69.55000305175781,169.38999938964844,71.2699966430664,175.58999633789062,112004800,34392700
2020-04-29,70.53021240234375,172.53330993652344,71.93250274658203,177.42999267578125,72.4175033569336,177.67999267578125,70.97250366210938,171.8800048828125,71.18250274658203,173.22000122070312,137280800,51286600
2020-04-30,72.01812744140625,174.26422119140625,73.44999694824219,179.2100067138672,73.63249969482422,180.39999389648438,72.0875015258789,176.22999572753906,72.48999786376953,180.0,183064000,53875900
2020-05-01,70.85868072509766,169.75225830078125,72.26750183105469,174.57000732421875,74.75,178.63999938964844,71.4625015258789,174.00999450683594,71.5625,175.8000030517578,240616800,39370500
2020-05-04,71.86124420166016,173.90440368652344,73.29000091552734,178.83999633789062,73.42250061035156,179.0,71.58000183105469,173.8000030517578,72.2925033569336,174.49000549316406,133568000,30372900
2020-05-05,72.9397964477539,175.7714080810547,74.38999938964844,180.75999450683594,75.25,183.64999389648438,73.61499786376953,179.89999389648438,73.76499938964844,180.6199951171875,147751200,36839200
2020-05-06,73.69234466552734,177.50230407714844,75.15750122070312,182.5399932861328,75.80999755859375,184.1999969482422,74.71749877929688,181.6300048828125,75.11499786376953,182.0800018310547,142333600,32139300
2020-05-07,74.4546890258789,178.53305053710938,75.93499755859375,183.60000610351562,76.2925033569336,184.5500030517578,75.49250030517578,182.5800018310547,75.80500030517578,184.1699981689453,115215200,28316000
2020-05-08,76.2268295288086,179.58322143554688,77.53250122070312,184.67999267578125,77.5875015258789,185.0,76.07250213623047,183.36000061035156,76.41000366210938,184.97999572753906,133838400,30877800
2020-05-11,77.42628479003906,181.58639526367188,78.75250244140625,186.74000549316406,79.26249694824219,187.50999450683594,76.80999755859375,182.85000610351562,77.0250015258789,183.14999389648438,145946400,30892700
2020-05-12,76.54143524169922,177.47312927246094,77.85250091552734,182.50999450683594,79.92250061035156,187.0399932861328,77.72750091552734,182.3000030517578,79.4574966430664,186.8000030517578,162301200,32038200
2020-05-13,75.61727905273438,174.789306640625,76.9124984741211,179.75,78.98750305175781,184.0500030517578,75.80249786376953,176.5399932861328,78.0374984741211,182.5500030517578,200622400,44711500
2020-05-14,76.08182525634766,175.54779052734375,77.38500213623047,180.52999877929688,77.44750213623047,180.69000244140625,75.38249969482422,175.67999267578125,76.12750244140625,177.5399932861328,158929200,41873900
2020-05-15,75.63201904296875,178.10519409179688,76.92749786376953,183.16000366210938,76.9749984741211,187.05999755859375,75.05249786376953,177.0,75.0875015258789,179.05999755859375,166348400,46610400
2020-05-18,77.41399383544922,179.806884765625,78.73999786376953,184.91000366210938,79.125,186.1999969482422,77.58000183105469,183.9600067138672,78.2925033569336,185.75,135178400,35264500
2020-05-19,76.96665954589844,178.56222534179688,78.28500366210938,183.6300048828125,79.62999725341797,186.60000610351562,78.25250244140625,183.49000549316406,78.75749969482422,185.02999877929688,101729600,26799100
2020-05-20,78.4635238647461,181.03900146484375,79.80750274658203,185.66000366210938,79.87999725341797,185.85000610351562,79.12999725341797,183.94000244140625,79.16999816894531,184.80999755859375,111504800,31261300
2020-05-21,77.87853240966797,178.864501953125,79.2125015258789,183.42999267578125,80.22250366210938,186.6699981689453,78.96749877929688,183.2899932861328,79.66500091552734,185.39999389648438,102688800,29119500
2020-05-22,78.37995147705078,178.94252014160156,79.72250366210938,183.50999450683594,79.80750274658203,184.4600067138672,78.8375015258789,182.5399932861328,78.94249725341797,183.19000244140625,81803200,20826900
2020-05-26,77.84904479980469,177.05081176757812,79.18250274658203,181.57000732421875,81.05999755859375,186.5,79.125,181.10000610351562,80.875,186.33999633789062,125522000,36073600
2020-05-27,78.188232421875,177.28485107421875,79.52749633789062,181.80999755859375,79.67749786376953,181.99000549316406,78.27249908447266,176.60000610351562,79.03500366210938,180.1999969482422,112945200,39517100
2020-05-28,78.22264099121094,176.88504028320312,79.5625,181.39999389648438,80.86000061035156,184.14999389648438,78.90750122070312,180.3800048828125,79.19249725341797,180.74000549316406,133560800,33810200
2020-05-29,78.1464614868164,178.68899536132812,79.48500061035156,183.25,80.2874984741211,184.27000427246094,79.11750030517578,180.41000366210938,79.8125,182.72999572753906,153532400,42130400
2020-06-01,79.10750579833984,178.2794647216797,80.4625015258789,182.8300018310547,80.5875015258789,183.0,79.30249786376953,181.4600067138672,79.4375,182.5399932861328,80791200,22622400
2020-06-02,79.47372436523438,180.3076629638672,80.83499908447266,184.91000366210938,80.86000061035156,185.0,79.73249816894531,181.35000610351562,80.1875,184.25,87642800,30794600
2020-06-03,79.9112319946289,180.7464599609375,81.27999877929688,185.36000061035156,81.55000305175781,185.94000244140625,80.57499694824219,183.5800018310547,81.16500091552734,184.82000732421875,104491200,27311000
2020-06-04,79.22300720214844,178.3671875,80.58000183105469,182.9199981689453,81.40499877929688,185.83999633789062,80.19499969482422,182.3000030517578,81.09750366210938,184.3000030517578,87560400,28761800
2020-06-05,81.47936248779297,182.54066467285156,82.875,187.1999969482422,82.9375,187.72999572753906,80.80750274658203,182.00999450683594,80.8375015258789,182.6199951171875,137250400,39893600
2020-06-08,81.96111297607422,183.67181396484375,83.36499786376953,188.36000061035156,83.4000015258789,188.5500030517578,81.83000183105469,184.44000244140625,82.5625,185.94000244140625,95654400,33211600
2020-06-09,84.54927062988281,185.0759735107422,85.99749755859375,189.8000030517578,86.40249633789062,190.6999969482422,83.00250244140625,187.25999450683594,83.03500366210938,188.0,147712400,29783900
2020-06-10,86.7245101928711,191.9407501220703,88.20999908447266,196.83999633789062,88.69249725341797,198.52000427246094,86.52249908447266,191.00999450683594,86.9749984741211,191.1300048828125,166651600,43872300
2020-06-11,82.56082916259766,181.63385009765625,83.9749984741211,186.27000427246094,87.76499938964844,195.75999450683594,83.87000274658203,186.07000732421875,87.32749938964844,193.1300048828125,201662400,52854700
2020-06-12,83.27361297607422,183.06724548339844,84.69999694824219,187.74000549316406,86.94999694824219,191.72000122070312,83.55500030517578,185.17999267578125,86.18000030517578,190.5399932861328,200146000,43373600
2020-06-15,84.3034896850586,184.2373809814453,85.74749755859375,188.94000244140625,86.41999816894531,190.82000732421875,83.1449966430664,184.00999450683594,83.3125,184.5800018310547,138808800,32770200
2020-06-16,86.53771209716797,188.75213623046875,88.0199966430664,193.57000732421875,88.30000305175781,195.5800018310547,86.18000030517578,191.4600067138672,87.86499786376953,192.88999938964844,165428800,42556700
2020-06-17,86.41727447509766,189.4054718017578,87.89749908447266,194.24000549316406,88.8499984741211,196.32000732421875,87.77249908447266,193.69000244140625,88.7874984741211,195.02999877929688,114406400,25687800
2020-06-18,86.45169830322266,191.43370056152344,87.93250274658203,196.32000732421875,88.36250305175781,196.49000549316406,87.30500030517578,194.0,87.85250091552734,194.0,96820400,23061600
2020-06-19,85.9576416015625,190.29281616210938,87.43000030517578,195.14999389648438,89.13999938964844,199.2899932861328,86.2874984741211,194.3699951171875,88.66000366210938,198.58999633789062,264476000,44441100
2020-06-22,88.2066421508789,195.5779266357422,89.71749877929688,200.57000732421875,89.86499786376953,200.75999450683594,87.7874984741211,195.22999572753906,87.83499908447266,195.7899932861328,135445200,32818900
2020-06-23,90.08938598632812,196.8845672607422,91.63249969482422,201.91000366210938,93.09500122070312,203.9499969482422,90.56749725341797,201.42999267578125,91.0,202.08999633789062,212155600,30917400
2020-06-24,88.4991226196289,192.91586303710938,90.01499938964844,197.83999633789062,92.19750213623047,203.25,89.62999725341797,196.55999755859375,91.25,201.60000610351562,192623200,36740600
2020-06-25,89.67399597167969,195.35362243652344,91.20999908447266,200.33999633789062,91.25,200.61000061035156,89.39250183105469,195.47000122070312,90.17500305175781,197.8000030517578,137522400,27803900
2020-06-26,86.918701171875,191.44345092773438,88.40750122070312,196.3300018310547,91.33000183105469,199.88999938964844,88.25499725341797,194.8800048828125,91.10250091552734,199.72999572753906,205256800,54675800
2020-06-29,88.92189025878906,193.5009307861328,90.44499969482422,198.44000244140625,90.5425033569336,198.52999877929688,87.81999969482422,193.5500030517578,88.3125,195.77999877929688,130646000,26701600
2020-06-30,89.66415405273438,198.44471740722656,91.19999694824219,203.50999450683594,91.49500274658203,204.39999389648438,90.0,197.74000549316406,90.0199966430664,197.8800048828125,140223200,34310300
2020-07-01,89.49456787109375,199.6051025390625,91.02749633789062,204.6999969482422,91.83999633789062,206.35000610351562,90.97750091552734,201.77000427246094,91.27999877929688,203.13999938964844,110737200,32061200
2020-07-02,89.49456787109375,201.1262969970703,91.02749633789062,206.25999450683594,92.61750030517578,208.02000427246094,90.91000366210938,205.0,91.9625015258789,205.67999267578125,114041600,29315800
2020-07-06,91.8885726928711,205.4557647705078,93.4625015258789,210.6999969482422,93.94499969482422,211.1300048828125,92.46749877929688,208.08999633789062,92.5,208.8300018310547,118655600,31897600
2020-07-07,91.60344696044922,203.0667724609375,93.17250061035156,208.25,94.65499877929688,214.6699981689453,93.05750274658203,207.99000549316406,93.85250091552734,210.4499969482422,112424400,33600700
2020-07-08,93.73690795898438,207.53274536132812,95.34249877929688,212.8300018310547,95.375,213.25999450683594,94.08999633789062,208.69000244140625,94.18000030517578,210.07000732421875,117092000,33600000
2020-07-09,94.14000701904297,208.9856719970703,95.75250244140625,214.32000732421875,96.31749725341797,216.3800048828125,94.67250061035156,211.47000122070312,96.26249694824219,216.3300018310547,125642800,33121700
2020-07-10,94.30467987060547,208.35183715820312,95.91999816894531,213.6699981689453,95.9800033569336,214.0800018310547,94.70500183105469,211.0800018310547,95.33499908447266,213.6199951171875,90257200,26177600
2020-07-13,93.86963653564453,201.91615295410156,95.47750091552734,207.07000732421875,99.95500183105469,215.8000030517578,95.25749969482422,206.5,97.26499938964844,214.47999572753906,191649200,38135600
2020-07-14,95.42303466796875,203.16427612304688,97.05750274658203,208.35000610351562,97.25499725341797,208.85000610351562,93.87750244140625,202.02999877929688,94.83999633789062,206.1300048828125,170989200,37591800
2020-07-15,96.07926940917969,202.86199951171875,97.7249984741211,208.0399932861328,99.24749755859375,211.3300018310547,96.48999786376953,205.02999877929688,98.98999786376953,209.55999755859375,153198000,32179400
2020-07-16,94.89703369140625,198.8445281982422,96.52249908447266,203.9199981689453,97.40499877929688,205.6999969482422,95.90499877929688,202.30999755859375,96.5625,205.39999389648438,110577600,29940700
2020-07-17,94.705322265625,197.83042907714844,96.32749938964844,202.8800048828125,97.14749908447266,205.0399932861328,95.83999633789062,201.38999938964844,96.98750305175781,204.47000122070312,92186800,31635300
2020-07-20,96.70114135742188,206.3333740234375,98.35749816894531,211.60000610351562,98.5,212.3000030517578,96.0625,203.00999450683594,96.4175033569336,205.0,90318000,36884800
2020-07-21,95.36650085449219,203.55430603027344,97.0,208.75,99.25,213.94000244140625,96.74250030517578,208.02999877929688,99.17250061035156,213.66000366210938,103433200,37990400
2020-07-22,95.6343994140625,206.4796600341797,97.27249908447266,211.75,97.9749984741211,212.3000030517578,96.60250091552734,208.38999938964844,96.69249725341797,209.1999969482422,89001600,49605700
2020-07-23,91.28146362304688,197.49884033203125,92.84500122070312,202.5399932861328,97.07749938964844,210.9199981689453,92.01000213623047,202.14999389648438,96.99749755859375,207.19000244140625,197004400,67457000
2020-07-24,91.05533599853516,196.28976440429688,92.61499786376953,201.3000030517578,92.97000122070312,202.86000061035156,89.1449966430664,197.50999450683594,90.98750305175781,200.4199981689453,185438800,39827000
2020-07-27,93.21337127685547,198.77627563476562,94.80999755859375,203.85000610351562,94.90499877929688,203.97000122070312,93.4800033569336,200.86000061035156,93.70999908447266,201.47000122070312,121214000,30160900
2020-07-28,91.68211364746094,196.99180603027344,93.25250244140625,202.02000427246094,94.55000305175781,204.6999969482422,93.24749755859375,201.74000549316406,94.36750030517578,203.61000061035156,103625600,23251400
2020-07-29,93.43949127197266,198.98104858398438,95.04000091552734,204.05999755859375,95.2300033569336,204.64999389648438,93.7125015258789,202.00999450683594,93.75,202.5,90329200,19632600
2020-07-30,94.57014465332031,198.8250274658203,96.19000244140625,203.89999389648438,96.29750061035156,204.4600067138672,93.76750183105469,199.57000732421875,94.1875,201.0,158130000,25079600
2020-07-31,104.4705581665039,199.9073944091797,106.26000213623047,205.00999450683594,106.41500091552734,205.10000610351562,100.82499694824219,199.00999450683594,102.88500213623047,204.39999389648438,374336800,51044000
2020-08-03,107.10296630859375,211.15040588378906,108.9375,216.5399932861328,111.63749694824219,217.63999938964844,107.89250183105469,210.44000244140625,108.19999694824219,211.52000427246094,308151200,78983000
2020-08-04,107.81819915771484,207.9813232421875,109.66500091552734,213.2899932861328,110.79000091552734,214.77000427246094,108.38749694824219,210.30999755859375,109.13249969482422,214.1699981689453,173071600,49280100
2020-08-05,108.20901489257812,207.6400604248047,110.0625,212.94000244140625,110.39250183105469,215.0,108.89749908447266,211.57000732421875,109.37750244140625,214.89999389648438,121776800,28806400
2020-08-06,111.98433685302734,210.96514892578125,113.90249633789062,216.35000610351562,114.4124984741211,216.3699951171875,109.79750061035156,211.5500030517578,110.40499877929688,212.33999633789062,202428800,32656800
2020-08-07,109.43830871582031,207.19146728515625,111.11250305175781,212.47999572753906,113.67500305175781,215.6999969482422,110.2925033569336,210.92999267578125,113.20500183105469,214.85000610351562,198045600,27820400
2020-08-10,111.02897644042969,203.0667724609375,112.72750091552734,208.25,113.7750015258789,211.8800048828125,110.0,206.35000610351562,112.5999984741211,211.6699981689453,212403600,36716500
2020-08-11,107.72697448730469,198.3179473876953,109.375,203.3800048828125,112.48249816894531,207.64999389648438,109.10749816894531,203.13999938964844,111.97000122070312,207.16000366210938,187902400,36446500
2020-08-12,111.30719757080078,203.9833526611328,113.01000213623047,209.19000244140625,113.2750015258789,210.27999877929688,110.29750061035156,204.75,110.49749755859375,205.2899932861328,165598000,28013100
2020-08-13,113.27706146240234,203.5055694580078,115.01000213623047,208.6999969482422,116.0425033569336,211.35000610351562,113.92749786376953,208.14999389648438,114.43000030517578,209.44000244140625,210082000,22588900
2020-08-14,113.1761245727539,203.70057678222656,114.90750122070312,208.89999389648438,115.0,209.58999633789062,113.04499816894531,207.50999450683594,114.83000183105469,208.75999450683594,165565200,17958900
2020-08-17,112.88063049316406,205.0462188720703,114.60749816894531,210.27999877929688,116.0875015258789,211.19000244140625,113.9625015258789,208.9199981689453,116.0625,209.60000610351562,119561600,20184800
2020-08-18,113.82125854492188,206.22613525390625,115.5625,211.49000549316406,116.0,212.36000061035156,114.00749969482422,209.2100067138672,114.35250091552734,210.52999877929688,105633600,21336200
2020-08-19,113.96406555175781,204.97494506835938,115.7074966430664,209.6999969482422,117.1624984741211,212.10000610351562,115.61000061035156,209.25,115.98249816894531,211.49000549316406,145538000,27627600
2020-08-20,116.49288177490234,209.74501037597656,118.2750015258789,214.5800018310547,118.39250183105469,215.0,115.73249816894531,208.91000366210938,115.75,209.5399932861328,126907200,26981500
2020-08-21,122.49604034423828,208.2201385498047,124.37000274658203,213.02000427246094,124.86750030517578,216.25,119.25,212.85000610351562,119.26249694824219,213.86000061035156,338054800,36249300
2020-08-24,123.96112060546875,208.8750457763672,125.85749816894531,213.69000244140625,128.78500366210938,215.52000427246094,123.9375,212.42999267578125,128.69749450683594,214.7899932861328,345937600,25460100
2020-08-25,122.9441909790039,211.59243774414062,124.82499694824219,216.47000122070312,125.18000030517578,216.61000061035156,123.05249786376953,213.10000610351562,124.69750213623047,213.10000610351562,211495600,23043700
2020-08-26,124.61610412597656,216.1669464111328,126.52249908447266,221.14999389648438,126.99250030517578,222.08999633789062,125.0824966430664,217.36000061035156,126.18000030517578,217.8800048828125,163022400,39600800
2020-08-27,123.12641143798828,221.47462463378906,125.01000213623047,226.5800018310547,127.48500061035156,231.14999389648438,123.8324966430664,219.39999389648438,127.14250183105469,222.88999938964844,155552400,57602200
2020-08-28,122.92694854736328,223.7521209716797,124.80750274658203,228.91000366210938,126.44249725341797,230.63999938964844,124.57749938964844,226.5800018310547,126.01249694824219,228.17999267578125,187630000,26292900
2020-08-31,127.09565734863281,220.44827270507812,129.0399932861328,225.52999877929688,131.0,228.6999969482422,126.0,224.30999755859375,127.58000183105469,227.0,225702700,28774200
2020-09-01,132.15821838378906,222.14907836914062,134.17999267578125,227.27000427246094,134.8000030517578,227.4499969482422,130.52999877929688,224.42999267578125,132.75999450683594,225.50999450683594,151948100,25725500
2020-09-02,129.42010498046875,226.43035888671875,131.39999389648438,231.64999389648438,137.97999572753906,232.86000061035156,127.0,227.35000610351562,137.58999633789062,227.97000122070312,200119000,34080800
2020-09-03,119.0586166381836,212.40371704101562,120.87999725341797,217.3000030517578,128.83999633789062,229.30999755859375,120.5,214.9600067138672,126.91000366210938,229.27000427246094,257599600,58400300
2020-09-04,119.13741302490234,209.42245483398438,120.95999908447266,214.25,123.69999694824219,218.36000061035156,110.88999938964844,205.19000244140625,120.06999969482422,215.10000610351562,332607200,59664100
2020-09-08,111.12007904052734,198.09359741210938,112.81999969482422,202.66000366210938,118.98999786376953,210.02999877929688,112.68000030517578,202.1999969482422,113.94999694824219,206.5,231366600,52924300
2020-09-09,115.5522689819336,206.52914428710938,117.31999969482422,211.2899932861328,119.13999938964844,214.83999633789062,115.26000213623047,206.6999969482422,117.26000213623047,207.60000610351562,176940500,45679000
2020-09-10,111.77999114990234,200.74252319335938,113.48999786376953,205.3699951171875,120.5,214.74000549316406,112.5,204.11000061035156,120.36000061035156,213.39999389648438,182274400,35461500
2020-09-11,110.31242370605469,199.43272399902344,112.0,204.02999877929688,115.2300033569336,208.6300048828125,110.0,201.24000549316406,114.56999969482422,207.1999969482422,180860300,33620100
2020-09-14,113.62179565429688,200.7816162109375,115.36000061035156,205.41000366210938,115.93000030517578,209.1999969482422,112.80000305175781,204.02999877929688,114.72000122070312,204.24000549316406,140150100,30375800
2020-09-15,113.7990951538086,204.07568359375,115.54000091552734,208.77999877929688,118.83000183105469,209.77999877929688,113.61000061035156,206.92999267578125,118.33000183105469,208.4199981689453,184642000,21823900
2020-09-16,110.44046783447266,200.42974853515625,112.12999725341797,205.0500030517578,116.0,210.64999389648438,112.04000091552734,204.63999938964844,115.2300033569336,210.6199951171875,154679000,26328100
2020-09-17,108.67743682861328,198.3379669189453,110.33999633789062,202.91000366210938,112.19999694824219,204.3300018310547,108.70999908447266,199.9600067138672,109.72000122070312,200.0500030517578,178011000,34011300
2020-09-18,105.23017883300781,195.87472534179688,106.83999633789062,200.38999938964844,110.87999725341797,203.64999389648438,106.08999633789062,196.25,110.4000015258789,202.8000030517578,287104900,55225300
2020-09-21,108.4213638305664,197.9762725830078,110.08000183105469,202.5399932861328,110.19000244140625,202.7100067138672,103.0999984741211,196.3800048828125,104.54000091552734,197.19000244140625,195713800,39839700
2020-09-22,110.12528991699219,202.74632263183594,111.80999755859375,207.4199981689453,112.86000061035156,208.10000610351562,109.16000366210938,202.0800018310547,112.68000030517578,205.05999755859375,183055400,33517100
2020-09-23,105.50594329833984,196.07022094726562,107.12000274658203,200.58999633789062,112.11000061035156,208.10000610351562,106.7699966430664,200.02999877929688,111.62000274658203,207.89999389648438,150718700,30803800
2020-09-24,106.58938598632812,198.61163330078125,108.22000122070312,203.19000244140625,110.25,205.57000732421875,105.0,199.1999969482422,105.16999816894531,199.85000610351562,167743300,31202500
2020-09-25,110.58820343017578,203.13731384277344,112.27999877929688,207.82000732421875,112.44000244140625,209.0399932861328,107.66999816894531,202.5399932861328,108.43000030517578,203.5500030517578,149981400,29437300
2020-09-28,113.22782135009766,204.7208251953125,114.95999908447266,209.44000244140625,115.31999969482422,212.57000732421875,112.77999877929688,208.05999755859375,115.01000213623047,210.8800048828125,137672400,32004900
2020-09-29,112.37092590332031,202.5899200439453,114.08999633789062,207.25999450683594,115.30999755859375,210.07000732421875,113.56999969482422,206.80999755859375,114.55000305175781,209.35000610351562,99382200,24221900
2020-09-30,114.06501007080078,205.5907745361328,115.80999755859375,210.3300018310547,117.26000213623047,211.97999572753906,113.62000274658203,206.5399932861328,113.79000091552734,207.72999572753906,142675200,33829100
2020-10-01,115.03026580810547,207.67276000976562,116.79000091552734,212.4600067138672,117.72000122070312,213.99000549316406,115.83000183105469,211.32000732421875,117.63999938964844,213.49000549316406,116120400,27158400
2020-10-02,111.31704711914062,201.5440673828125,113.0199966430664,206.19000244140625,115.37000274658203,210.99000549316406,112.22000122070312,205.5399932861328,112.88999938964844,208.0,144712000,33154800
2020-10-05,114.74462127685547,205.63963317871094,116.5,210.3800048828125,116.6500015258789,210.41000366210938,113.55000305175781,206.97999572753906,113.91000366210938,207.22000122070312,106243800,21331600
2020-10-06,111.45494079589844,201.27035522460938,113.16000366210938,205.91000366210938,116.12000274658203,210.17999267578125,112.25,204.82000732421875,115.69999694824219,208.82000732421875,161498200,28554300
2020-10-07,113.34602355957031,205.10203552246094,115.08000183105469,209.8300018310547,115.55000305175781,210.11000061035156,114.12999725341797,206.72000122070312,114.62000274658203,207.05999755859375,96849000,25681100
2020-10-08,113.2376708984375,205.83511352539062,114.97000122070312,210.5800018310547,116.4000015258789,211.19000244140625,114.58999633789062,208.32000732421875,116.25,210.50999450683594,83477200,19925800
2020-10-09,115.2075424194336,210.947265625,116.97000122070312,215.80999755859375,117.0,215.86000061035156,114.91999816894531,211.22999572753906,115.27999877929688,211.22999572753906,100506900,26458000
2020-10-12,122.52558898925781,216.4113311767578,124.4000015258789,221.39999389648438,125.18000030517578,223.86000061035156,119.27999877929688,216.80999755859375,120.05999755859375,218.7899932861328,240226800,40461400
2020-10-13,119.27532196044922,217.8384246826172,121.0999984741211,222.86000061035156,125.38999938964844,225.2100067138672,119.6500015258789,220.42999267578125,125.2699966430664,222.72000122070312,262330500,28950800
2020-10-14,119.36395263671875,215.88348388671875,121.19000244140625,220.86000061035156,123.02999877929688,224.22000122070312,119.62000274658203,219.1300048828125,121.0,223.0,150712000,23421700
2020-10-15,118.89118957519531,214.71054077148438,120.70999908447266,219.66000366210938,121.19999694824219,220.36000061035156,118.1500015258789,216.00999450683594,118.72000122070312,217.10000610351562,112559200,22733100
2020-10-16,117.22664642333984,214.71054077148438,119.0199966430664,219.66000366210938,121.55000305175781,222.2899932861328,118.80999755859375,219.32000732421875,121.27999877929688,220.14999389648438,115393800,26057900
2020-10-19,114.23245239257812,209.3931121826172,115.9800033569336,214.22000122070312,120.41999816894531,222.3000030517578,115.66000366210938,213.72000122070312,119.95999908447266,220.4199981689453,120639300,27625800
2020-10-20,115.73939514160156,209.81341552734375,117.51000213623047,214.64999389648438,118.9800033569336,217.3699951171875,115.62999725341797,213.08999633789062,116.19999694824219,215.8000030517578,124423700,22753500
2020-10-21,115.10906219482422,209.96006774902344,116.87000274658203,214.8000030517578,118.70999908447266,216.9199981689453,116.44999694824219,213.1199951171875,116.66999816894531,213.1199951171875,89946000,22724900
2020-10-22,114.00591278076172,210.0480194091797,115.75,214.88999938964844,118.04000091552734,216.05999755859375,114.58999633789062,211.6999969482422,117.44999694824219,213.92999267578125,101988000,22351500
2020-10-23,113.30662536621094,211.35781860351562,115.04000091552734,216.22999572753906,116.55000305175781,216.27999877929688,114.27999877929688,213.16000366210938,116.38999938964844,215.02999877929688,82572600,18879600
2020-10-26,113.31646728515625,205.3463897705078,115.05000305175781,210.0800018310547,116.55000305175781,216.33999633789062,112.87999725341797,208.10000610351562,114.01000213623047,213.85000610351562,111850700,37111600
2020-10-27,114.84310913085938,208.44496154785156,116.5999984741211,213.25,117.27999877929688,214.6699981689453,114.54000091552734,210.3300018310547,115.48999786376953,211.58999633789062,92276800,36700300
2020-10-28,109.52446746826172,198.11312866210938,111.19999694824219,202.67999267578125,115.43000030517578,208.83999633789062,111.0999984741211,202.10000610351562,115.05000305175781,207.6699981689453,143937800,51195600
2020-10-29,113.5823974609375,200.10716247558594,115.31999969482422,204.72000122070312,116.93000030517578,207.36000061035156,112.19999694824219,203.3699951171875,112.37000274658203,204.07000732421875,146129200,31432600
2020-10-30,107.21974182128906,197.90786743164062,108.86000061035156,202.47000122070312,111.98999786376953,204.2899932861328,107.72000122070312,199.6199951171875,111.05999755859375,203.5,190272600,36953700
2020-11-02,107.13108825683594,197.77101135253906,108.7699966430664,202.3300018310547,110.68000030517578,205.27999877929688,107.31999969482422,200.1199951171875,109.11000061035156,204.2899932861328,122866900,30842200
2020-11-03,108.77593994140625,201.7786102294922,110.44000244140625,206.42999267578125,111.48999786376953,208.1199951171875,108.7300033569336,203.1199951171875,109.66000366210938,203.88999938964844,107624400,27512000
2020-11-04,113.21797943115234,211.5142364501953,114.94999694824219,216.38999938964844,115.58999633789062,218.32000732421875,112.3499984741211,212.4199981689453,114.13999938964844,214.02000427246094,138235500,42311800
2020-11-05,117.23650360107422,218.2587432861328,119.02999877929688,223.2899932861328,119.62000274658203,224.1199951171875,116.87000274658203,221.14999389648438,117.94999694824219,222.0399932861328,126387100,36080100
2020-11-06,117.10331726074219,218.67904663085938,118.69000244140625,223.72000122070312,119.19999694824219,224.36000061035156,116.12999725341797,218.02999877929688,118.31999969482422,222.25999450683594,114457900,25231900
2020-11-09,114.7649917602539,213.46913146972656,116.31999969482422,218.38999938964844,121.98999786376953,228.1199951171875,116.05000305175781,217.8800048828125,120.5,224.44000244140625,154515300,44395000
2020-11-10,114.41966247558594,206.25543212890625,115.97000122070312,211.00999450683594,117.58999633789062,216.5,114.12999725341797,209.72000122070312,115.55000305175781,214.5,138023400,44045100
2020-11-11,117.89261627197266,211.67062377929688,119.48999786376953,216.5500030517578,119.62999725341797,218.0399932861328,116.44000244140625,212.1999969482422,117.19000244140625,212.38999938964844,112295000,29440800
2020-11-12,117.6163558959961,210.58563232421875,119.20999908447266,215.44000244140625,120.52999877929688,219.11000061035156,118.56999969482422,214.4600067138672,119.62000274658203,217.2100067138672,103162300,21593900
2020-11-13,117.66568756103516,211.63150024414062,119.26000213623047,216.50999450683594,119.66999816894531,217.4199981689453,117.87000274658203,214.16000366210938,119.44000244140625,216.36000061035156,81581900,18621100
2020-11-16,118.69178009033203,212.33526611328125,120.30000305175781,217.22999572753906,120.98999786376953,217.74000549316406,118.1500015258789,214.52000427246094,118.91999816894531,214.8699951171875,91183000,24953300
2020-11-17,117.7939453125,209.62771606445312,119.38999938964844,214.4600067138672,120.66999816894531,217.67999267578125,118.95999908447266,214.0800018310547,119.55000305175781,216.10000610351562,74271000,24154100
2020-11-18,116.45213317871094,206.86404418945312,118.02999877929688,211.0800018310547,119.81999969482422,215.1699981689453,118.0,210.92999267578125,118.61000061035156,213.64999389648438,76322100,28372800
2020-11-19,117.05396270751953,208.17730712890625,118.63999938964844,212.4199981689453,119.05999755859375,213.02999877929688,116.80999755859375,209.92999267578125,117.58999633789062,211.3800048828125,74113000,24792700
2020-11-20,115.77134704589844,206.1878204345703,117.33999633789062,210.38999938964844,118.7699966430664,213.2899932861328,117.29000091552734,210.0,118.63999938964844,212.1999969482422,73604300,22843100
2020-11-23,112.32801055908203,205.9134063720703,113.8499984741211,210.11000061035156,117.62000274658203,212.2899932861328,113.75,208.16000366210938,117.18000030517578,210.9499969482422,127959300,25683500
2020-11-24,113.63036346435547,209.5885009765625,115.16999816894531,213.86000061035156,115.8499984741211,214.25,112.58999633789062,208.86000061035156,113.91000366210938,209.58999633789062,113874200,33979700
2020-11-25,114.47886657714844,209.5983123779297,116.02999877929688,213.8699951171875,116.75,215.2899932861328,115.16999816894531,212.4600067138672,115.55000305175781,215.11000061035156,76499200,21012900
2020-11-27,115.03138732910156,210.93113708496094,116.58999633789062,215.22999572753906,117.48999786376953,216.27000427246094,116.22000122070312,214.0399932861328,116.56999969482422,214.85000610351562,46691300,14512200
2020-11-30,117.45848846435547,209.7943115234375,119.05000305175781,214.07000732421875,120.97000122070312,214.75999450683594,116.80999755859375,210.83999633789062,116.97000122070312,214.10000610351562,169410200,33064800
2020-12-01,121.07943725585938,211.89158630371094,122.72000122070312,216.2100067138672,123.47000122070312,217.32000732421875,120.01000213623047,213.35000610351562,121.01000213623047,214.50999450683594,127728200,30904500
2020-12-02,121.43461608886719,211.06832885742188,123.08000183105469,215.3699951171875,123.37000274658203,215.47000122070312,120.88999938964844,212.8000030517578,122.0199966430664,214.8800048828125,89004200,23724500
2020-12-03,121.2964859008789,209.96092224121094,122.94000244140625,214.24000549316406,123.77999877929688,216.3800048828125,122.20999908447266,213.64999389648438,123.5199966430664,214.61000061035156,78967600,25120900
2020-12-04,120.61571502685547,210.07850646972656,122.25,214.36000061035156,122.86000061035156,215.3800048828125,121.5199966430664,213.17999267578125,122.5999984741211,214.22000122070312,78260400,24666000
2020-12-07,122.09565734863281,210.00990295410156,123.75,214.2899932861328,124.56999969482422,215.5399932861328,122.25,212.99000549316406,122.30999755859375,214.3699951171875,86712000,24620000
2020-12-08,122.71723937988281,211.695556640625,124.37999725341797,216.00999450683594,124.9800033569336,216.9499969482422,123.08999633789062,212.88999938964844,124.37000274658203,213.97000122070312,82225500,23284100
2020-12-09,120.15199279785156,207.56967163085938,121.77999877929688,211.8000030517578,125.94999694824219,215.22999572753906,121.0,211.2100067138672,124.52999877929688,215.16000366210938,115089200,32440600
2020-12-10,121.59247589111328,206.31521606445312,123.23999786376953,210.52000427246094,123.87000274658203,213.0800018310547,120.1500015258789,210.36000061035156,120.5,211.77000427246094,81312200,26733300
2020-12-11,120.77357482910156,209.00048828125,122.41000366210938,213.25999450683594,122.76000213623047,213.32000732421875,120.55000305175781,209.11000061035156,122.43000030517578,210.0500030517578,86939800,30979400
2020-12-14,120.15199279785156,209.92169189453125,121.77999877929688,214.1999969482422,123.3499984741211,216.2100067138672,121.54000091552734,212.8800048828125,122.5999984741211,213.10000610351562,79184500,28798400
2020-12-15,126.17044830322266,209.85313415527344,127.87999725341797,214.1300048828125,127.9000015258789,215.4199981689453,124.12999725341797,212.24000549316406,124.33999633789062,215.1699981689453,157243700,27000600
2020-12-16,126.10137939453125,214.90025329589844,127.80999755859375,219.27999877929688,128.3699951171875,220.11000061035156,126.55999755859375,214.72000122070312,127.41000366210938,214.75,98208600,35023300
2020-12-17,126.9794921875,215.03746032714844,128.6999969482422,219.4199981689453,129.5800018310547,220.88999938964844,128.0399932861328,217.9199981689453,128.89999389648438,219.8699951171875,94359800,32515800
2020-12-18,124.96675872802734,214.2240447998047,126.66000366210938,218.58999633789062,129.10000610351562,219.69000244140625,126.12000274658203,216.02000427246094,128.9600067138672,218.58999633789062,192541500,63354900
2020-12-21,126.5157699584961,218.14414978027344,128.22999572753906,222.58999633789062,128.30999755859375,224.0,123.44999694824219,217.27999877929688,125.0199966430664,217.5500030517578,121251600,37181900
2020-12-22,130.11697387695312,219.46719360351562,131.8800048828125,223.94000244140625,134.41000366210938,225.6300048828125,129.64999389648438,221.85000610351562,131.61000061035156,222.69000244140625,168904800,22612200
2020-12-23,129.2092742919922,216.60552978515625,130.9600067138672,221.02000427246094,132.42999267578125,223.55999755859375,130.77999877929688,220.8000030517578,132.16000366210938,223.11000061035156,88223700,18699600
2020-12-24,130.20578002929688,218.30093383789062,131.97000122070312,222.75,133.4600067138672,223.61000061035156,131.10000610351562,221.1999969482422,131.32000732421875,221.4199981689453,54930100,10550600
2020-12-28,134.86268615722656,220.46681213378906,136.69000244140625,224.9600067138672,137.33999633789062,226.02999877929688,133.50999450683594,223.02000427246094,133.99000549316406,224.4499969482422,124486200,17933500
2020-12-29,133.06700134277344,219.67295837402344,134.8699951171875,224.14999389648438,138.7899932861328,227.17999267578125,134.33999633789062,223.5800018310547,138.0500030517578,226.30999755859375,121047300,17403200
2020-12-30,131.93238830566406,217.25228881835938,133.72000122070312,221.67999267578125,135.99000549316406,225.6300048828125,133.39999389648438,221.47000122070312,135.5800018310547,225.22999572753906,96452100,20272300
